对比顺序,记录类型,数据来源,结果范围,方法/实验名称,预测器,SLM层数,输出模式,反馈,反馈层,记忆,训练Batch,训练轮数,Test Batch,Test状态,结果聚合,Dev平均 LR（relative error）,Dev平均 RA（relative accuracy）,Dev平均 LA（absolute error）,Dev平均 AUC,Dev最大 LR,Dev最大 RA,Dev最大 LA,Dev最大 AUC,Test O1平均 relative error,Test O1平均 absolute error,Test O1最大 relative error,Test O1最大 absolute error,O1 Object permanence Visible relative error,O1 Object permanence Visible absolute error,O1 Object permanence Occluded relative error,O1 Object permanence Occluded absolute error,O1 Object permanence All relative error,O1 Object permanence All absolute error,O2 Shape constancy Visible relative error,O2 Shape constancy Visible absolute error,O2 Shape constancy Occluded relative error,O2 Shape constancy Occluded absolute error,O2 Shape constancy All relative error,O2 Shape constancy All absolute error,O3 Continuity Visible relative error,O3 Continuity Visible absolute error,O3 Continuity Occluded relative error,O3 Continuity Occluded absolute error,O3 Continuity All relative error,O3 Continuity All absolute error,Predictor trainable params,Predictor total params,官方评分覆盖,实验目录,结果说明,对比组,对比角色,配对对象,分组颜色
1.1,实验结果,onn_experiment_summary.xlsx + onn_experiment_analysis.md,旧版 O1 重点评测，包含 Dev 与已返回的官方 O1 Test,Transformer baseline,Transformer Predictor,—,,否,—,不适用,25,50,1,有官方 O1 分数,average,0.0000%,100.0000%,45.8060%,54.1940%,0.0000%,100.0000%,42.8060%,57.1940%,0.6481%,47.1493%,,,,,,,,,,,,,,,,,,,,,22082944,22685056,O1 average,Dev: /data/linux/wkx/IntPhys/references_code/jepa_onn/output/onn_feedback_2000_200_gpu0_20260829_234936/evaluation_rerun_gpu0_full_batch_fix; Test: /data/linux/wkx/IntPhys/references_code/jepa_onn/output/o1_processed_baseline_gpu0_bs1_20260831_234956,数值来自旧版 O1 重点评测；,,,,
1.2,实验结果,onn_experiment_summary.xlsx + onn_experiment_analysis.md,旧版 O1 重点评测，包含 Dev 与已返回的官方 O1 Test,单层反馈 SLM4,光学 ONN Predictor,—,,是,SLM4,否,25,50,1,有官方 O1 分数,average + maximum,0.0000%,100.0000%,46.0000%,54.0000%,0.0000%,100.0000%,43.1110%,56.8890%,0.5556%,47.0887%,16.0185%,43.8279%,,,,,,,,,,,,,,,,,,,,,O1 average + maximum,/data/linux/wkx/IntPhys/references_code/jepa_onn/output/onn_feedback_2000_200_gpu0_feedback_slm4_20260829_235741/o1_processed_slm4_gpu0_bs1_20260831_233908,数值来自旧版 O1 重点评测；,,,,
1.3,实验结果,onn_experiment_summary.xlsx + onn_experiment_analysis.md,旧版 O1 重点评测，包含 Dev 与已返回的官方 O1 Test,多层反馈+记忆,光学 ONN Predictor,—,,是,SLM3、SLM4、SLM5,是（alpha=0.8）,25,25,1,无官方 O1 分数,—,0.0000%,100.0000%,46.0280%,53.9720%,3.3330%,96.6670%,43.6110%,56.3890%,,,,,,,,,,,,,,,,,,,,,,,,,none,/data/linux/wkx/IntPhys/references_code/jepa_onn/output/o1_processed_multi_slm345_memory_gpu0_bs1_20260831_235111,数值来自旧版 O1 重点评测；,,,,
1.4,实验结果,onn_experiment_summary.xlsx + onn_experiment_analysis.md,旧版 O1 重点评测，包含 Dev 与已返回的官方 O1 Test,多层反馈，无记忆,光学 ONN Predictor,—,,是,SLM3、SLM4、SLM5,否,25,25,1,无官方 O1 分数,—,0.0000%,100.0000%,45.6110%,54.3890%,0.0000%,100.0000%,43.1250%,56.8750%,,,,,,,,,,,,,,,,,,,,,,,,,none,/data/linux/wkx/IntPhys/references_code/jepa_onn/output/o1_processed_multi_slm345_nomemory_gpu0_bs1_20260831_235158,数值来自旧版 O1 重点评测；,,,,
1.5,实验结果,onn_experiment_summary.xlsx + onn_experiment_analysis.md,旧版 O1 重点评测，包含 Dev 与已返回的官方 O1 Test,单层反馈 SLM2,光学 ONN Predictor,—,,是,SLM2,否,25,30,1,无官方 O1 分数,—,0.0000%,100.0000%,45.7220%,54.2780%,0.0000%,100.0000%,42.9860%,57.0140%,,,,,,,,,,,,,,,,,,,,,,,,,none,/data/linux/wkx/IntPhys/references_code/jepa_onn/output/o1_processed_slm2_gpu0_bs1_20260831_235236,数值来自旧版 O1 重点评测；,,,,
1.6,实验结果,onn_experiment_summary.xlsx + onn_experiment_analysis.md,旧版 O1 重点评测，包含 Dev 与已返回的官方 O1 Test,反馈关闭（置零）,光学 ONN Predictor,—,,否（反馈全为0）,—,否,25,25,5,有官方 O1 分数,average,0.0000%,100.0000%,45.6110%,54.3890%,0.0000%,100.0000%,42.7080%,57.2920%,0.6481%,47.1493%,,,,,,,,,,,,,,,,,,,,,,,O1 average,Checkpoint: /data/linux/wkx/IntPhys/references_code/jepa_onn/output/onn_feedback_off_2000_200_gpu2_25ep_20260901_001525; Test: /data/linux/wkx/IntPhys/references_code/jepa_onn/output/onn_feedback_off_2000_200_gpu2_25ep_20260901_001525/processed_o1_test_gpu0_bs5_20260901_155127,数值来自旧版 O1 重点评测；,,,,
1.7,实验结果,onn_experiment_summary.xlsx + onn_experiment_analysis.md,旧版 O1 重点评测，包含 Dev 与已返回的官方 O1 Test,电子控制基线,旧版电子控制（optical_qkv）,—,,不适用,不适用,不适用,1,配置记录50,1,无官方 O1 分数,—,fs2: 0.00000,fs2: 1.00000,fs2: 0.44583,fs2: 0.55417,fs2: 0.03333,fs2: 0.96667,fs2: 0.41194,fs2: 0.58806,,,,,,,,,,,,,,,,,,,,,,,,,none,/data/linux/wkx/IntPhys/references_code/jepa_onn/output/electronic_control/intphys_full_eval_gpu0,数值来自旧版 O1 重点评测；,,,,
2.1,实验结果,9.9_9.16/jepa_onn_test_results_paper_style.csv,9.9_9.16 O1/O2/O3 完整 Test，Maximum surprise,Transformer,Transformer Predictor,—,official Transformer predictor,—,—,—,—,—,—,完整 Test,Maximum,,,,,,,,,,,19.63%,42.29%,3.52%,30.00%,35.74%,48.46%,19.63%,42.29%,8.80%,39.09%,40.65%,49.12%,24.72%,45.89%,4.07%,34.34%,45.93%,49.45%,25.00%,44.39%,22082944,22685056,O1/O2/O3 maximum,/data/linux/wkx/IntPhys/references_code/jepa_onn/output/9.9_9.16/transformer_vitl16_test_raw_o1_o2_o3_gpu3_bs5,官方分数为maximum聚合；relative/absolute均为错误率，越低越好,Transformer基线,baseline,所有已评分 ONN,#E8EEF7
2.2,实验结果,9.9_9.16/jepa_onn_test_results_paper_style.csv,9.9_9.16 O1/O2/O3 完整 Test，Maximum surprise,ONN-1 SLM no feedback,ONN Feedback Predictor,1,interpolate,否,SLM1,—,—,—,—,完整 Test,Maximum,,,,,,,,,,,27.04%,43.13%,8.15%,33.16%,45.93%,49.50%,27.04%,43.13%,28.80%,43.45%,43.98%,49.53%,36.39%,47.20%,16.48%,41.58%,55.00%,50.16%,35.74%,46.03%,470402,—,O1/O2/O3 maximum,/data/linux/wkx/IntPhys/references_code/jepa_onn/output/9.9_9.16/onn_interpolate_slm1_nofeedback_25ep_gpu3_20260914_191232,官方分数为maximum聚合；relative/absolute均为错误率，越低越好,反馈对比：1层,no-feedback,ONN-1 SLM feedback (linear),#EAF4EA
2.3,实验结果,9.9_9.16/减少层数并且修改MLP/interpolate_slm1_25ep_20260905_232655/test_eval_full_o1_o2_o3_gpu1_bs10/intphys-test-vjepa_vitl16_onn_feedback/submission_official_o123_average_maximum/maximum/scoring_result (1)/scores.txt,9.9_9.16 O1/O2/O3 完整 Test，Maximum surprise,ONN-1 SLM feedback,ONN Feedback Predictor,1,interpolate,是,SLM1,否,—,25,10,完整 Test，官方评分已提取,Maximum,,,,,,,,,,,25.88%,44.94%,9.44%,37.26%,42.31%,49.53%,25.88%,44.94%,28.43%,45.39%,42.87%,49.63%,35.65%,48.08%,13.15%,42.20%,51.76%,49.93%,32.45%,46.26%,470402,—,O1/O2/O3 maximum,/data/linux/wkx/IntPhys/references_code/jepa_onn/output/9.9_9.16/减少层数并且修改MLP/interpolate_slm1_25ep_20260905_232655,已从官方 scores.txt 提取当前可用任务指标。,反馈对比：1层,feedback-interpolate,ONN-1 SLM no feedback,#F3E8FF
2.4,实验结果,9.9_9.16/减少层数并且修改MLP/linear_slm1_25ep_20260905_232655/test_eval_full_o1_o2_o3_gpu1_bs15/intphys-test-vjepa_vitl16_onn_feedback/submission_official_o123_average_maximum/maximum/scoring_result (1)/scores.txt,9.9_9.16 O1/O2/O3 完整 Test，Maximum surprise,ONN-1 SLM feedback (linear),ONN Feedback Predictor,1,linear,是,SLM1,否,—,25,15,完整 Test，官方评分已提取,Maximum,,,,,,,,,,,15.93%,43.61%,2.22%,33.87%,29.63%,48.27%,15.93%,43.61%,0.19%,36.87%,29.35%,48.44%,14.77%,44.55%,0.65%,32.88%,34.17%,48.87%,17.41%,43.74%,864642,—,O1/O2/O3 maximum,/data/linux/wkx/IntPhys/references_code/jepa_onn/output/9.9_9.16/减少层数并且修改MLP/linear_slm1_25ep_20260905_232655,已从官方 scores.txt 提取当前可用任务指标。,反馈对比：1层,feedback-linear,ONN-1 SLM no feedback / ONN-1 SLM feedback,#FCE8E6
2.5,实验结果,9.9_9.16/jepa_onn_test_results_paper_style.csv,9.9_9.16 O1/O2/O3 完整 Test，Maximum surprise,ONN-3 SLM no feedback,ONN Feedback Predictor,3,interpolate,否,SLM2,否,—,50,—,完整 Test,Maximum,,,,,,,,,,,,,7.13%,31.32%,40.46%,49.10%,23.80%,42.35%,21.76%,39.46%,40.28%,49.31%,31.02%,45.74%,8.52%,37.53%,46.48%,49.40%,27.50%,44.01%,620930,—,O1/O2/O3 maximum,/data/linux/wkx/IntPhys/references_code/jepa_onn/output/9.9_9.16/onn_interpolate_slm3_nofeedback_50ep_20260914_001952,官方分数为maximum聚合；relative/absolute均为错误率，越低越好,反馈对比：3层,no-feedback,ONN-3 SLM feedback (linear),#EAF4EA
2.6,实验结果,output/9.9_9.16/减少层数并且修改MLP/interpolate_slm3_50ep_20260904_235122/test_eval_full_o1_o2_o3_gpu2_bs15/intphys-test-vjepa_vitl16_onn_feedback/submission_official_o123_average_maximum/maximum/scoring_result (1)/scores.txt,9.9_9.16 O1/O2/O3 完整 Test，Maximum surprise,ONN-3 SLM feedback,ONN Feedback Predictor,3,interpolate,是,SLM2,否,—,50,15,完整 Test，官方评分已提取,Maximum,,,,,,,,,,,20.83%,42.26%,5.65%,30.49%,36.02%,48.85%,20.83%,42.26%,15.28%,37.64%,38.89%,49.17%,27.08%,45.16%,6.94%,35.84%,36.94%,48.18%,21.94%,42.89%,620930,—,O1/O2/O3 maximum,/data/linux/wkx/IntPhys/references_code/jepa_onn/output/9.9_9.16/减少层数并且修改MLP/interpolate_slm3_50ep_20260904_235122,已从完整 Test 的官方 scores.txt 提取 O1/O2/O3 Maximum 任务指标。,反馈对比：3层,feedback-interpolate,ONN-3 SLM no feedback,#F3E8FF
2.7,实验结果,9.9_9.16/减少层数并且修改MLP/linear_slm3_50ep_20260904_233712/test_eval_full_o1_o2_o3_gpu0_bs15/intphys-test-vjepa_vitl16_onn_feedback/submission_official_o123_average_maximum/maximum/scoring_result (1)/scores.txt,9.9_9.16 O1/O2/O3 完整 Test，Maximum surprise,ONN-3 SLM feedback (linear),ONN Feedback Predictor,3,linear,是,SLM2,否,—,50,15,完整 Test，官方评分已提取,Maximum,,,,,,,,,,,15.93%,43.61%,2.22%,33.87%,29.63%,48.27%,15.93%,43.61%,0.19%,36.87%,29.35%,48.44%,14.77%,44.55%,0.65%,32.88%,34.17%,48.87%,17.41%,43.74%,1015170,—,O1/O2/O3 maximum,/data/linux/wkx/IntPhys/references_code/jepa_onn/output/9.9_9.16/减少层数并且修改MLP/linear_slm3_50ep_20260904_233712,已从官方 scores.txt 提取当前可用任务指标。,反馈对比：3层,feedback-linear,ONN-3 SLM no feedback / ONN-3 SLM feedback,#FCE8E6
2.8,实验结果,9.9_9.16/jepa_onn_test_results_paper_style.csv,9.9_9.16 O1/O2/O3 完整 Test，Maximum surprise,ONN-5 SLM no feedback,ONN Feedback Predictor,5,interpolate,否,SLM4,否,—,25,—,完整 Test,Maximum,,,,,,,,,,,,,6.02%,31.70%,38.89%,48.99%,22.45%,42.22%,16.57%,38.83%,38.61%,49.24%,27.59%,45.34%,7.87%,37.17%,44.91%,48.77%,26.39%,43.48%,771458,—,O1/O2/O3 maximum,/data/linux/wkx/IntPhys/references_code/jepa_onn/output/9.9_9.16/onn_interpolate_slm5_nofeedback_25ep_gpu2_20260915_140314,官方分数为maximum聚合；relative/absolute均为错误率，越低越好,反馈对比：5层,no-feedback,ONN-5 SLM feedback (interpolate),#EAF4EA
2.9,实验结果,9.9_9.16/减少层数并且修改MLP/interpolate_slm5_50ep_20260904_002829/test_eval_full_o1_o2_o3_gpu0_bs5/intphys-test-vjepa_vitl16_onn_feedback/submission_official_paths_v2/maximum/scoring_result /scores.txt,9.9_9.16 O1/O2/O3 完整 Test，Maximum surprise,ONN-5 SLM feedback (interpolate),ONN Feedback Predictor,5,interpolate,是,SLM4,否,—,50,5,完整 Test，官方评分已提取,Maximum,,,,,,,,,,,21.11%,41.82%,4.91%,30.03%,37.31%,49.01%,21.11%,41.82%,15.37%,37.79%,39.54%,49.29%,27.45%,45.10%,5.56%,36.24%,41.94%,48.73%,23.75%,43.09%,771458,—,O1/O2/O3 maximum,/data/linux/wkx/IntPhys/references_code/jepa_onn/output/9.9_9.16/减少层数并且修改MLP/interpolate_slm5_50ep_20260904_002829,已从官方 scores.txt 提取当前可用任务指标。,反馈对比：5层,feedback-interpolate,ONN-5 SLM no feedback,#F3E8FF
2.10,实验结果,9.9_9.16/jepa_onn_test_results_paper_style.csv,9.9_9.16 O1/O2/O3 完整 Test，Maximum surprise,ONN-5 SLM feedback (linear),ONN Feedback Predictor,5,linear,是,SLM4,否,—,50,—,完整 Test,Maximum,,,,,,,,,,,,,4.91%,30.03%,37.31%,49.01%,21.11%,41.82%,15.37%,37.79%,39.54%,49.29%,27.45%,45.10%,5.56%,36.24%,41.94%,48.73%,23.75%,43.09%,1165698,—,O1/O2/O3 maximum,/data/linux/wkx/IntPhys/references_code/jepa_onn/output/9.9_9.16/减少层数并且修改MLP/linear_slm5_50ep_20260904_002838,官方分数为maximum聚合；relative/absolute均为错误率，越低越好,输出头对比：5层,linear,ONN-5 SLM feedback (interpolate),#FCE8E6
2.11,实验结果,9.9_9.16/jepa_onn_test_results_paper_style.csv,9.9_9.16 完整 Test，官方评分未提取,ONN-3 SLM direct384,ONN Feedback Predictor,3,interpolate,是,SLM2,否,—,25,—,完整 Test，官方评分未提取,—,,,,,,,,,,,,,,,,,,,,,,,,,,,,,,,227330,—,未找到官方 scores.txt,/data/linux/wkx/IntPhys/references_code/jepa_onn/output/9.9_9.16/interpolate_slm3_direct384_25ep_gpu1_20260914_153916,完整 O1/O2/O3 推理已完成，但当前实验目录未找到官方 scores.txt；不填入伪造的任务分数。,direct384对比,direct384,Transformer / ONN-5 SLM direct384,#FFF4CC
2.12,实验结果,9.9_9.16/jepa_onn_test_results_paper_style.csv,9.9_9.16 O1/O2/O3 完整 Test，Maximum surprise,ONN-5 SLM direct384,ONN Feedback Predictor,5,interpolate,是,SLM4,否,—,25,—,完整 Test,Maximum,,,,,,,,,,,19.63%,42.29%,3.52%,30.00%,35.74%,48.46%,19.63%,42.29%,8.80%,39.09%,40.65%,49.12%,24.72%,45.89%,4.07%,34.34%,45.93%,49.45%,25.00%,44.39%,377858,—,O1/O2/O3 maximum,/data/linux/wkx/IntPhys/references_code/jepa_onn/output/9.9_9.16/interpolate_slm5_direct384_25ep_gpu1_20260909_205533,官方分数为maximum聚合；relative/absolute均为错误率，越低越好,direct384对比,direct384,Transformer,#FFF4CC
2.13,实验结果,9.9_9.16/jepa_onn_test_results_paper_style.csv,9.9_9.16 O1/O2/O3 完整 Test，Maximum surprise,ONN multi-layer feedback-off,ONN Feedback Predictor,—,interpolate,否,—,否,—,25,—,完整 Test,Maximum,,,,,,,,,,,,,,,,,,,,,,,,,,,,,,,1313540,—,O1/O2/O3 maximum,/data/linux/wkx/IntPhys/references_code/jepa_onn/output/9.9_9.16/onn_feedback_off_2000_200_gpu2_25ep_20260901_001525,官方分数为maximum聚合；relative/absolute均为错误率，越低越好,其他/未完成,excluded,—,#F2F2F2
2.14,实验结果,output/9.9_9.16/last_context_copy_baseline_dev/test_eval_full_o1_o2_o3_gpu1_bs5/intphys-test-vjepa_vitl16_onn_feedback/submission_official_o123_average_maximum/maximum/scoring_result (1)/scores.txt,9.9_9.16 O1/O2/O3 完整 Test，Maximum surprise,Copy-last baseline (5-layer),Copy-last baseline,5,copy-last,不适用,—,—,—,—,5,完整 Test，官方评分已提取,Maximum,,,,,,,,,,,23.56%,43.81%,2.59%,33.49%,44.54%,49.34%,23.56%,43.81%,1.85%,37.87%,44.81%,49.47%,23.33%,45.49%,2.13%,36.07%,43.24%,49.68%,22.69%,45.19%,0,0,O1/O2/O3 maximum,/data/linux/wkx/IntPhys/references_code/jepa_onn/output/9.9_9.16/last_context_copy_baseline_dev,5 层输入设置下的 copy-last 基线；不包含可训练 Predictor 参数。,基础基线,copy-last baseline,Transformer；ONN-5 SLM,#D9E2F3
