group,slm,epochs,task,relative_error,absolute_error,relative_accuracy_pct,absolute_accuracy_pct,source
Standard Linear,1,25,O1,0.15925925925925927,0.43614958419067207,84.07407407407408,56.38504158093279,/data/linux/wkx/IntPhys/references_code/jepa_onn/output/9.9_9.16/减少层数并且修改MLP/linear_slm1_25ep_20260905_232655/test_eval_full_o1_o2_o3_gpu1_bs15/intphys-test-vjepa_vitl16_onn_feedback/submission_official_o123_average_maximum/maximum/scoring_result (1)/scores.txt
Standard Linear,1,25,O2,0.1476851851851852,0.4454600694444445,85.23148148148148,55.45399305555555,/data/linux/wkx/IntPhys/references_code/jepa_onn/output/9.9_9.16/减少层数并且修改MLP/linear_slm1_25ep_20260905_232655/test_eval_full_o1_o2_o3_gpu1_bs15/intphys-test-vjepa_vitl16_onn_feedback/submission_official_o123_average_maximum/maximum/scoring_result (1)/scores.txt
Standard Linear,1,25,O3,0.17407407407407408,0.43744823816872425,82.5925925925926,56.255176183127574,/data/linux/wkx/IntPhys/references_code/jepa_onn/output/9.9_9.16/减少层数并且修改MLP/linear_slm1_25ep_20260905_232655/test_eval_full_o1_o2_o3_gpu1_bs15/intphys-test-vjepa_vitl16_onn_feedback/submission_official_o123_average_maximum/maximum/scoring_result (1)/scores.txt
Standard Linear,3,50,O1,0.15925925925925927,0.43614958419067207,84.07407407407408,56.38504158093279,/data/linux/wkx/IntPhys/references_code/jepa_onn/output/9.9_9.16/减少层数并且修改MLP/linear_slm3_50ep_20260904_233712/test_eval_full_o1_o2_o3_gpu0_bs15/intphys-test-vjepa_vitl16_onn_feedback/submission_official_o123_average_maximum/maximum/scoring_result (1)/scores.txt
Standard Linear,3,50,O2,0.1476851851851852,0.4454600694444445,85.23148148148148,55.45399305555555,/data/linux/wkx/IntPhys/references_code/jepa_onn/output/9.9_9.16/减少层数并且修改MLP/linear_slm3_50ep_20260904_233712/test_eval_full_o1_o2_o3_gpu0_bs15/intphys-test-vjepa_vitl16_onn_feedback/submission_official_o123_average_maximum/maximum/scoring_result (1)/scores.txt
Standard Linear,3,50,O3,0.17407407407407408,0.43744823816872425,82.5925925925926,56.255176183127574,/data/linux/wkx/IntPhys/references_code/jepa_onn/output/9.9_9.16/减少层数并且修改MLP/linear_slm3_50ep_20260904_233712/test_eval_full_o1_o2_o3_gpu0_bs15/intphys-test-vjepa_vitl16_onn_feedback/submission_official_o123_average_maximum/maximum/scoring_result (1)/scores.txt
Standard Linear,5,50,O1,0.2111111111111111,0.41820644718792876,78.88888888888889,58.17935528120712,/data/linux/wkx/IntPhys/references_code/jepa_onn/output/9.9_9.16/减少层数并且修改MLP/linear_slm5_50ep_20260904_002838/test_eval_full_o1_o2_o3_gpu3_bs5/intphys-test-vjepa_vitl16_onn_feedback/submission_official_paths_v2/maximum/scoring_result/scores.txt
Standard Linear,5,50,O2,0.274537037037037,0.45101701817558293,72.5462962962963,54.89829818244171,/data/linux/wkx/IntPhys/references_code/jepa_onn/output/9.9_9.16/减少层数并且修改MLP/linear_slm5_50ep_20260904_002838/test_eval_full_o1_o2_o3_gpu3_bs5/intphys-test-vjepa_vitl16_onn_feedback/submission_official_paths_v2/maximum/scoring_result/scores.txt
Standard Linear,5,50,O3,0.2375,0.430869127229081,76.25,56.913087277091904,/data/linux/wkx/IntPhys/references_code/jepa_onn/output/9.9_9.16/减少层数并且修改MLP/linear_slm5_50ep_20260904_002838/test_eval_full_o1_o2_o3_gpu3_bs5/intphys-test-vjepa_vitl16_onn_feedback/submission_official_paths_v2/maximum/scoring_result/scores.txt
Temporal Diff alpha=0.5,1,25,O1,0.1574074074074074,0.43785751028806574,84.25925925925925,56.21424897119343,/data/linux/wkx/IntPhys/references_code/jepa_onn/output/9.17-9.26/差分输入/a0.5/linear_slm1_temporal_diff_a0.5_20260922_232750/test_eval_full_o1_o2_o3_gpu1_bs3/intphys-test-vjepa_vitl16_onn_feedback_linear_slm1_temporal_diff_a0.5/submission_official_paths_v2/maximum/scoring_result (1)/scores.txt
Temporal Diff alpha=0.5,1,25,O2,0.14629629629629629,0.44866887431412894,85.37037037037038,55.13311256858711,/data/linux/wkx/IntPhys/references_code/jepa_onn/output/9.17-9.26/差分输入/a0.5/linear_slm1_temporal_diff_a0.5_20260922_232750/test_eval_full_o1_o2_o3_gpu1_bs3/intphys-test-vjepa_vitl16_onn_feedback_linear_slm1_temporal_diff_a0.5/submission_official_paths_v2/maximum/scoring_result (1)/scores.txt
Temporal Diff alpha=0.5,1,25,O3,0.17407407407407408,0.44070237482853225,82.5925925925926,55.92976251714678,/data/linux/wkx/IntPhys/references_code/jepa_onn/output/9.17-9.26/差分输入/a0.5/linear_slm1_temporal_diff_a0.5_20260922_232750/test_eval_full_o1_o2_o3_gpu1_bs3/intphys-test-vjepa_vitl16_onn_feedback_linear_slm1_temporal_diff_a0.5/submission_official_paths_v2/maximum/scoring_result (1)/scores.txt
Temporal Diff alpha=0.5,3,25,O1,0.1574074074074074,0.43598015260631007,84.25925925925925,56.40198473936899,/data/linux/wkx/IntPhys/references_code/jepa_onn/output/9.17-9.26/差分输入/a0.5/linear_slm3_feedback_slm1_temporal_diff_a0.5_20260922_192812/test_eval_full_o1_o2_o3_gpu2_bs3/intphys-test-vjepa_vitl16_onn_feedback_linear_slm3_feedback_slm1_temporal_diff_a0.5/submission_official_paths_v2/maximum/scoring_result (1)/scores.txt
Temporal Diff alpha=0.5,3,25,O2,0.14583333333333334,0.44616276577503433,85.41666666666666,55.383723422496566,/data/linux/wkx/IntPhys/references_code/jepa_onn/output/9.17-9.26/差分输入/a0.5/linear_slm3_feedback_slm1_temporal_diff_a0.5_20260922_192812/test_eval_full_o1_o2_o3_gpu2_bs3/intphys-test-vjepa_vitl16_onn_feedback_linear_slm3_feedback_slm1_temporal_diff_a0.5/submission_official_paths_v2/maximum/scoring_result (1)/scores.txt
Temporal Diff alpha=0.5,3,25,O3,0.16712962962962963,0.4379732510288066,83.28703703703704,56.202674897119344,/data/linux/wkx/IntPhys/references_code/jepa_onn/output/9.17-9.26/差分输入/a0.5/linear_slm3_feedback_slm1_temporal_diff_a0.5_20260922_192812/test_eval_full_o1_o2_o3_gpu2_bs3/intphys-test-vjepa_vitl16_onn_feedback_linear_slm3_feedback_slm1_temporal_diff_a0.5/submission_official_paths_v2/maximum/scoring_result (1)/scores.txt
Temporal Diff alpha=0.5,5,25,O1,0.1597222222222222,0.43825778034979423,84.02777777777779,56.17422196502058,/data/linux/wkx/IntPhys/references_code/jepa_onn/output/9.17-9.26/差分输入/a0.5/linear_slm5_temporal_diff_a0.5_20260922_191511/test_eval_full_o1_o2_o3_gpu3_bs3/intphys-test-vjepa_vitl16_onn_feedback_linear_slm5_temporal_diff_a0.5/submission_official_paths_v2/maximum/scoring_result (1)/scores.txt
Temporal Diff alpha=0.5,5,25,O2,0.15324074074074073,0.44884698645404664,84.67592592592592,55.11530135459534,/data/linux/wkx/IntPhys/references_code/jepa_onn/output/9.17-9.26/差分输入/a0.5/linear_slm5_temporal_diff_a0.5_20260922_191511/test_eval_full_o1_o2_o3_gpu3_bs3/intphys-test-vjepa_vitl16_onn_feedback_linear_slm5_temporal_diff_a0.5/submission_official_paths_v2/maximum/scoring_result (1)/scores.txt
Temporal Diff alpha=0.5,5,25,O3,0.17916666666666667,0.44009527177640595,82.08333333333333,55.99047282235941,/data/linux/wkx/IntPhys/references_code/jepa_onn/output/9.17-9.26/差分输入/a0.5/linear_slm5_temporal_diff_a0.5_20260922_191511/test_eval_full_o1_o2_o3_gpu3_bs3/intphys-test-vjepa_vitl16_onn_feedback_linear_slm5_temporal_diff_a0.5/submission_official_paths_v2/maximum/scoring_result (1)/scores.txt
