method,slm,epochs,task,relative_accuracy_pct,absolute_accuracy_pct,source
Linear,1,25,O1,84.07407407407408,56.38504158093279,/data/linux/wkx/IntPhys/references_code/jepa_onn/output/9.9_9.16/减少层数并且修改MLP/linear_slm1_25ep_20260905_232655/test_eval_full_o1_o2_o3_gpu1_bs15/intphys-test-vjepa_vitl16_onn_feedback/submission_official_o123_average_maximum/maximum/scoring_result (1)/scores.txt
Linear,1,25,O2,85.23148148148148,55.45399305555555,/data/linux/wkx/IntPhys/references_code/jepa_onn/output/9.9_9.16/减少层数并且修改MLP/linear_slm1_25ep_20260905_232655/test_eval_full_o1_o2_o3_gpu1_bs15/intphys-test-vjepa_vitl16_onn_feedback/submission_official_o123_average_maximum/maximum/scoring_result (1)/scores.txt
Linear,1,25,O3,82.5925925925926,56.255176183127574,/data/linux/wkx/IntPhys/references_code/jepa_onn/output/9.9_9.16/减少层数并且修改MLP/linear_slm1_25ep_20260905_232655/test_eval_full_o1_o2_o3_gpu1_bs15/intphys-test-vjepa_vitl16_onn_feedback/submission_official_o123_average_maximum/maximum/scoring_result (1)/scores.txt
Linear,3,50,O1,84.07407407407408,56.38504158093279,/data/linux/wkx/IntPhys/references_code/jepa_onn/output/9.9_9.16/减少层数并且修改MLP/linear_slm3_50ep_20260904_233712/test_eval_full_o1_o2_o3_gpu0_bs15/intphys-test-vjepa_vitl16_onn_feedback/submission_official_o123_average_maximum/maximum/scoring_result (1)/scores.txt
Linear,3,50,O2,85.23148148148148,55.45399305555555,/data/linux/wkx/IntPhys/references_code/jepa_onn/output/9.9_9.16/减少层数并且修改MLP/linear_slm3_50ep_20260904_233712/test_eval_full_o1_o2_o3_gpu0_bs15/intphys-test-vjepa_vitl16_onn_feedback/submission_official_o123_average_maximum/maximum/scoring_result (1)/scores.txt
Linear,3,50,O3,82.5925925925926,56.255176183127574,/data/linux/wkx/IntPhys/references_code/jepa_onn/output/9.9_9.16/减少层数并且修改MLP/linear_slm3_50ep_20260904_233712/test_eval_full_o1_o2_o3_gpu0_bs15/intphys-test-vjepa_vitl16_onn_feedback/submission_official_o123_average_maximum/maximum/scoring_result (1)/scores.txt
Linear,5,50,O1,78.88888888888889,58.17935528120712,/data/linux/wkx/IntPhys/references_code/jepa_onn/output/9.9_9.16/减少层数并且修改MLP/linear_slm5_50ep_20260904_002838/test_eval_full_o1_o2_o3_gpu3_bs5/intphys-test-vjepa_vitl16_onn_feedback/submission_official_paths_v2/maximum/scoring_result/scores.txt
Linear,5,50,O2,72.5462962962963,54.89829818244171,/data/linux/wkx/IntPhys/references_code/jepa_onn/output/9.9_9.16/减少层数并且修改MLP/linear_slm5_50ep_20260904_002838/test_eval_full_o1_o2_o3_gpu3_bs5/intphys-test-vjepa_vitl16_onn_feedback/submission_official_paths_v2/maximum/scoring_result/scores.txt
Linear,5,50,O3,76.25,56.913087277091904,/data/linux/wkx/IntPhys/references_code/jepa_onn/output/9.9_9.16/减少层数并且修改MLP/linear_slm5_50ep_20260904_002838/test_eval_full_o1_o2_o3_gpu3_bs5/intphys-test-vjepa_vitl16_onn_feedback/submission_official_paths_v2/maximum/scoring_result/scores.txt
Interpolate,1,25,O1,74.12037037037037,55.05706661522633,/data/linux/wkx/IntPhys/references_code/jepa_onn/output/9.9_9.16/减少层数并且修改MLP/interpolate_slm1_25ep_20260905_233255/test_eval_full_o1_o2_o3_gpu1_bs10/intphys-test-vjepa_vitl16_onn_feedback/submission_official_o123_average_maximum/maximum/scoring_result (1)/scores.txt
Interpolate,1,25,O2,64.35185185185186,51.92069615912208,/data/linux/wkx/IntPhys/references_code/jepa_onn/output/9.9_9.16/减少层数并且修改MLP/interpolate_slm1_25ep_20260905_233255/test_eval_full_o1_o2_o3_gpu1_bs10/intphys-test-vjepa_vitl16_onn_feedback/submission_official_o123_average_maximum/maximum/scoring_result (1)/scores.txt
Interpolate,1,25,O3,67.54629629629629,53.741158693415635,/data/linux/wkx/IntPhys/references_code/jepa_onn/output/9.9_9.16/减少层数并且修改MLP/interpolate_slm1_25ep_20260905_233255/test_eval_full_o1_o2_o3_gpu1_bs10/intphys-test-vjepa_vitl16_onn_feedback/submission_official_o123_average_maximum/maximum/scoring_result (1)/scores.txt
Interpolate,3,50,O1,79.16666666666666,57.74441658093279,/data/linux/wkx/IntPhys/references_code/jepa_onn/output/9.9_9.16/减少层数并且修改MLP/interpolate_slm3_50ep_20260904_235122/test_eval_full_o1_o2_o3_gpu2_bs15/intphys-test-vjepa_vitl16_onn_feedback/submission_official_o123_average_maximum/maximum/scoring_result (1)/scores.txt
Interpolate,3,50,O2,72.91666666666667,54.84014917695473,/data/linux/wkx/IntPhys/references_code/jepa_onn/output/9.9_9.16/减少层数并且修改MLP/interpolate_slm3_50ep_20260904_235122/test_eval_full_o1_o2_o3_gpu2_bs15/intphys-test-vjepa_vitl16_onn_feedback/submission_official_o123_average_maximum/maximum/scoring_result (1)/scores.txt
Interpolate,3,50,O3,78.05555555555556,57.111389746227715,/data/linux/wkx/IntPhys/references_code/jepa_onn/output/9.9_9.16/减少层数并且修改MLP/interpolate_slm3_50ep_20260904_235122/test_eval_full_o1_o2_o3_gpu2_bs15/intphys-test-vjepa_vitl16_onn_feedback/submission_official_o123_average_maximum/maximum/scoring_result (1)/scores.txt
Interpolate,5,50,O1,78.88888888888889,58.17935528120712,/data/linux/wkx/IntPhys/references_code/jepa_onn/output/9.9_9.16/减少层数并且修改MLP/interpolate_slm5_50ep_20260904_002829/test_eval_full_o1_o2_o3_gpu0_bs5/intphys-test-vjepa_vitl16_onn_feedback/submission_official_paths_v2/maximum/scoring_result /scores.txt
Interpolate,5,50,O2,72.5462962962963,54.89829818244171,/data/linux/wkx/IntPhys/references_code/jepa_onn/output/9.9_9.16/减少层数并且修改MLP/interpolate_slm5_50ep_20260904_002829/test_eval_full_o1_o2_o3_gpu0_bs5/intphys-test-vjepa_vitl16_onn_feedback/submission_official_paths_v2/maximum/scoring_result /scores.txt
Interpolate,5,50,O3,76.25,56.913087277091904,/data/linux/wkx/IntPhys/references_code/jepa_onn/output/9.9_9.16/减少层数并且修改MLP/interpolate_slm5_50ep_20260904_002829/test_eval_full_o1_o2_o3_gpu0_bs5/intphys-test-vjepa_vitl16_onn_feedback/submission_official_paths_v2/maximum/scoring_result /scores.txt
Optical,1,25,O1,79.58333333333334,58.1277113340192,/data/linux/wkx/IntPhys/references_code/jepa_onn/output/9.17-9.26/ONN映射384-1024/onn_optical_slm1_feedback_slm1_output_25ep_gpu1_bs15_20260923_171109_20260923_171112/test_eval_full_o1_o2_o3_gpu1_bs5/intphys-test-vjepa_vitl16_onn_feedback_optical_slm1_feedback_slm1_25ep/submission_official_paths_v2/maximum/scoring_result (1)/scores.txt
Optical,1,25,O2,74.21296296296296,55.769182956104245,/data/linux/wkx/IntPhys/references_code/jepa_onn/output/9.17-9.26/ONN映射384-1024/onn_optical_slm1_feedback_slm1_output_25ep_gpu1_bs15_20260923_171109_20260923_171112/test_eval_full_o1_o2_o3_gpu1_bs5/intphys-test-vjepa_vitl16_onn_feedback_optical_slm1_feedback_slm1_25ep/submission_official_paths_v2/maximum/scoring_result (1)/scores.txt
Optical,1,25,O3,76.52777777777777,56.83040766460905,/data/linux/wkx/IntPhys/references_code/jepa_onn/output/9.17-9.26/ONN映射384-1024/onn_optical_slm1_feedback_slm1_output_25ep_gpu1_bs15_20260923_171109_20260923_171112/test_eval_full_o1_o2_o3_gpu1_bs5/intphys-test-vjepa_vitl16_onn_feedback_optical_slm1_feedback_slm1_25ep/submission_official_paths_v2/maximum/scoring_result (1)/scores.txt
Optical,3,25,O1,79.58333333333334,58.1277113340192,/data/linux/wkx/IntPhys/references_code/jepa_onn/output/9.17-9.26/ONN映射384-1024/onn_optical_slm3_feedback_slm1_output_25ep_gpu2_bs15_20260922_002223_20260922_002227/test_eval_full_o1_o2_o3_gpu2_bs5_retry/intphys-test-vjepa_vitl16_onn_feedback_optical_slm3_feedback_slm1_25ep/submission_official_paths_v2/maximum/scoring_result (1)/scores.txt
Optical,3,25,O2,74.21296296296296,55.769182956104245,/data/linux/wkx/IntPhys/references_code/jepa_onn/output/9.17-9.26/ONN映射384-1024/onn_optical_slm3_feedback_slm1_output_25ep_gpu2_bs15_20260922_002223_20260922_002227/test_eval_full_o1_o2_o3_gpu2_bs5_retry/intphys-test-vjepa_vitl16_onn_feedback_optical_slm3_feedback_slm1_25ep/submission_official_paths_v2/maximum/scoring_result (1)/scores.txt
Optical,3,25,O3,76.52777777777777,56.83040766460905,/data/linux/wkx/IntPhys/references_code/jepa_onn/output/9.17-9.26/ONN映射384-1024/onn_optical_slm3_feedback_slm1_output_25ep_gpu2_bs15_20260922_002223_20260922_002227/test_eval_full_o1_o2_o3_gpu2_bs5_retry/intphys-test-vjepa_vitl16_onn_feedback_optical_slm3_feedback_slm1_25ep/submission_official_paths_v2/maximum/scoring_result (1)/scores.txt
Optical,5,25,O1,79.53703703703704,58.495081018518526,/data/linux/wkx/IntPhys/references_code/jepa_onn/output/9.17-9.26/ONN映射384-1024/onn_optical_slm5_output_25ep_gpu1_bs15_20260921_180835_20260921_180839/test_eval_full_o1_o2_o3_gpu1_bs5_retry/intphys-test-vjepa_vitl16_onn_feedback_optical_slm5_25ep/submission_official_paths_v2/maximum/scoring_result (1)/scores.txt
Optical,5,25,O2,75.46296296296296,56.18603180727023,/data/linux/wkx/IntPhys/references_code/jepa_onn/output/9.17-9.26/ONN映射384-1024/onn_optical_slm5_output_25ep_gpu1_bs15_20260921_180835_20260921_180839/test_eval_full_o1_o2_o3_gpu1_bs5_retry/intphys-test-vjepa_vitl16_onn_feedback_optical_slm5_25ep/submission_official_paths_v2/maximum/scoring_result (1)/scores.txt
Optical,5,25,O3,77.08333333333334,57.553551526063096,/data/linux/wkx/IntPhys/references_code/jepa_onn/output/9.17-9.26/ONN映射384-1024/onn_optical_slm5_output_25ep_gpu1_bs15_20260921_180835_20260921_180839/test_eval_full_o1_o2_o3_gpu1_bs5_retry/intphys-test-vjepa_vitl16_onn_feedback_optical_slm5_25ep/submission_official_paths_v2/maximum/scoring_result (1)/scores.txt
